{
  "cluster_time_sec": 5.249611139297485,
  "M": 64,
  "K": 7,
  "NN": {
    "error_rate": 0.047799999999999954,
    "runtime_sec": 0.04192399978637695,
    "n_wrong": 478,
    "confusion": [
      [
        966,
        1,
        3,
        1,
        0,
        4,
        3,
        1,
        0,
        1
      ],
      [
        0,
        1126,
        3,
        1,
        0,
        0,
        3,
        0,
        1,
        1
      ],
      [
        9,
        8,
        979,
        8,
        1,
        0,
        3,
        11,
        12,
        1
      ],
      [
        0,
        0,
        7,
        940,
        1,
        32,
        0,
        6,
        17,
        7
      ],
      [
        1,
        6,
        2,
        0,
        922,
        0,
        10,
        4,
        3,
        34
      ],
      [
        3,
        1,
        0,
        20,
        2,
        845,
        9,
        1,
        7,
        4
      ],
      [
        9,
        3,
        2,
        0,
        3,
        3,
        934,
        0,
        3,
        1
      ],
      [
        0,
        20,
        8,
        0,
        4,
        1,
        0,
        961,
        2,
        32
      ],
      [
        5,
        1,
        3,
        11,
        3,
        20,
        2,
        6,
        917,
        6
      ],
      [
        5,
        6,
        4,
        5,
        30,
        1,
        1,
        19,
        6,
        932
      ]
    ]
  },
  "KNN": {
    "error_rate": 0.06310000000000004,
    "runtime_sec": 0.13274383544921875,
    "n_wrong": 631,
    "confusion": [
      [
        952,
        1,
        3,
        0,
        0,
        8,
        13,
        1,
        2,
        0
      ],
      [
        0,
        1128,
        2,
        1,
        0,
        1,
        2,
        0,
        1,
        0
      ],
      [
        13,
        15,
        952,
        12,
        3,
        1,
        4,
        14,
        18,
        0
      ],
      [
        2,
        3,
        8,
        947,
        2,
        19,
        0,
        12,
        14,
        3
      ],
      [
        1,
        14,
        4,
        0,
        901,
        0,
        7,
        2,
        2,
        51
      ],
      [
        3,
        3,
        4,
        28,
        4,
        836,
        7,
        1,
        4,
        2
      ],
      [
        10,
        4,
        4,
        0,
        5,
        10,
        923,
        0,
        2,
        0
      ],
      [
        0,
        33,
        13,
        2,
        12,
        0,
        0,
        939,
        0,
        29
      ],
      [
        5,
        3,
        6,
        25,
        10,
        32,
        2,
        7,
        875,
        9
      ],
      [
        7,
        9,
        3,
        9,
        32,
        4,
        1,
        20,
        8,
        916
      ]
    ]
  }
}